{
  "total_cost": 2.3740814,
  "total_tokens": 5777087,
  "daily_costs": {
    "2026-03-21": {
      "cost": 2.3740814,
      "tokens": 5777087
    }
  }
}