{
  "total_cost": 4.31202485,
  "total_tokens": 10145497,
  "daily_costs": {
    "2026-03-21": {
      "cost": 4.31202485,
      "tokens": 10145497
    }
  }
}