{
  "total_cost": 1.5821550000000002,
  "total_tokens": 4031724,
  "daily_costs": {
    "2026-03-21": {
      "cost": 1.5821550000000002,
      "tokens": 4031724
    }
  }
}