{
  "total_cost": 7.335046250000001,
  "total_tokens": 16915892,
  "daily_costs": {
    "2026-03-21": {
      "cost": 7.335046250000001,
      "tokens": 16915892
    }
  }
}