{
  "total_cost": 6.15949325,
  "total_tokens": 14217539,
  "daily_costs": {
    "2026-03-21": {
      "cost": 6.15949325,
      "tokens": 14217539
    }
  }
}