{
  "total_cost": 5.227085849999999,
  "total_tokens": 12258138,
  "daily_costs": {
    "2026-03-21": {
      "cost": 5.227085849999999,
      "tokens": 12258138
    }
  }
}