{
  "total_cost": 3.25107605,
  "total_tokens": 7940323,
  "daily_costs": {
    "2026-03-21": {
      "cost": 3.25107605,
      "tokens": 7940323
    }
  }
}